transcript_code,patient_id,transcript_tpm
ENST00000584747,Patient1,1.0
ENST00000441263,Patient1,1.0
ENST00000580790,Patient1,0.8
ENST00000498289,Patient1,7.0
ENST00000472795,Patient1,7.0
ENST00000496973,Patient1,7.0
ENST00000481744,Patient1,7.0
ENST00000359326,Patient1,7.0
ENST00000466580,Patient1,7.0
ENST00000459772,Patient1,7.0
ENST00000286031,Patient1,7.0
ENST00000413811,Patient1,7.0
ENST00000367429,Patient1,1.0
ENST00000630130,Patient1,1.0
ENST00000496761,Patient1,1.0
ENST00000359637,Patient1,1.0
ENST00000466229,Patient1,1.0
ENST00000470918,Patient1,1.0
ENST00000466152,Patient1,96.0
ENST00000371582,Patient1,96.0
ENST00000683048,Patient1,96.0
ENST00000371588,Patient1,96.0
ENST00000494752,Patient1,96.0
ENST00000682366,Patient1,96.0
ENST00000371584,Patient1,96.0
ENST00000684193,Patient1,96.0
ENST00000683466,Patient1,96.0
ENST00000682713,Patient1,96.0
ENST00000681979,Patient1,96.0
ENST00000684708,Patient1,96.0
ENST00000413082,Patient1,96.0
ENST00000682754,Patient1,96.0
ENST00000683010,Patient1,96.0
ENST00000684628,Patient1,96.0
ENST00000374005,Patient1,6.0
ENST00000399173,Patient1,6.0
ENST00000374004,Patient1,6.0
ENST00000374003,Patient1,6.0
ENST00000457296,Patient1,6.0
ENST00000475472,Patient1,6.0
ENST00000468038,Patient1,6.0
ENST00000002165,Patient1,204.0
ENST00000451668,Patient1,204.0
ENST00000367585,Patient1,204.0
ENST00000509541,Patient1,45.0
ENST00000650454,Patient1,45.0
ENST00000616923,Patient1,45.0
ENST00000515580,Patient1,45.0
ENST00000643939,Patient1,45.0
ENST00000513939,Patient1,45.0
ENST00000510837,Patient1,45.0
ENST00000504353,Patient1,45.0
ENST00000514373,Patient1,45.0
ENST00000504525,Patient1,45.0
ENST00000514004,Patient1,45.0
ENST00000505294,Patient1,45.0
ENST00000514933,Patient1,45.0
ENST00000505197,Patient1,45.0
ENST00000522718,Patient1,5.0
ENST00000520422,Patient1,5.0
ENST00000519738,Patient1,5.0
ENST00000517363,Patient1,5.0
ENST00000521989,Patient1,32.0
ENST00000665151,Patient1,32.0
ENST00000668286,Patient1,32.0
ENST00000341376,Patient1,44.0
ENST00000353205,Patient1,44.0
ENST00000464525,Patient1,0.5
ENST00000489144,Patient1,0.5
ENST00000379340,Patient1,0.5
ENST00000486319,Patient1,0.5
ENST00000503564,Patient1,0.5
ENST00000511773,Patient1,0.5
ENST00000508848,Patient1,0.5
ENST00000513506,Patient1,0.5
ENST00000504677,Patient1,0.5
ENST00000506060,Patient1,0.5
ENST00000502415,Patient1,0.5
ENST00000507355,Patient1,0.5
ENST00000608621,Patient1,0.4
ENST00000511313,Patient1,0.4
ENST00000504157,Patient1,0.4
ENST00000613744,Patient1,0.4
ENST00000508910,Patient1,0.4
ENST00000621093,Patient1,0.4
ENST00000443430,Patient1,0.4
ENST00000513438,Patient1,0.4
ENST00000504101,Patient1,0.4
ENST00000427076,Patient1,0.4
ENST00000422304,Patient1,0.4
ENST00000326391,Patient1,4.0
ENST00000418424,Patient1,4.0
ENST00000469495,Patient1,3.0
ENST00000313961,Patient1,3.0
ENST00000367903,Patient1,3.0
ENST00000530507,Patient1,3.0
ENST00000527988,Patient1,3.0
ENST00000531954,Patient1,3.0
ENST00000525894,Patient1,3.0
ENST00000531476,Patient1,3.0
ENST00000530241,Patient1,3.0
ENST00000534288,Patient1,3.0
ENST00000428971,Patient1,3.0
ENST00000618415,Patient1,3.0
ENST00000451759,Patient1,1.0
ENST00000449680,Patient1,1.0
ENST00000427213,Patient1,1.0
ENST00000429865,Patient1,1.0
ENST00000528019,Patient1,1.0
ENST00000528689,Patient1,1.0
ENST00000439699,Patient1,1.0
ENST00000528818,Patient1,1.0
ENST00000526176,Patient1,1.0
ENST00000367771,Patient1,6.0
ENST00000367770,Patient1,6.0
ENST00000423670,Patient1,6.0
ENST00000470238,Patient1,6.0
ENST00000367772,Patient1,6.0
ENST00000534261,Patient1,4.0
ENST00000599649,Patient1,3.0
ENST00000429354,Patient1,3.0
ENST00000683636,Patient1,3.0
ENST00000337248,Patient1,0.9
ENST00000374409,Patient1,0.9
ENST00000003583,Patient1,0.9
ENST00000468303,Patient1,0.9
ENST00000497384,Patient1,0.9
ENST00000438866,Patient1,0.9
ENST00000435187,Patient1,0.9
ENST00000483261,Patient1,0.9
ENST00000498488,Patient1,0.9
ENST00000483528,Patient1,0.9
ENST00000475760,Patient1,0.9
ENST00000492753,Patient1,0.9
ENST00000651186,Patient1,3.0
ENST00000643125,Patient1,3.0
ENST00000642463,Patient1,3.0
ENST00000406207,Patient1,3.0
ENST00000645899,Patient1,3.0
ENST00000642926,Patient1,3.0
ENST00000647233,Patient1,3.0
ENST00000644578,Patient1,3.0
ENST00000647418,Patient1,3.0
ENST00000645372,Patient1,3.0
ENST00000647407,Patient1,3.0
ENST00000643994,Patient1,3.0
ENST00000645582,Patient1,3.0
ENST00000642610,Patient1,3.0
ENST00000646384,Patient1,3.0
ENST00000644625,Patient1,3.0
ENST00000647489,Patient1,3.0
ENST00000647332,Patient1,3.0
ENST00000646848,Patient1,3.0
ENST00000543662,Patient1,3.0
ENST00000643615,Patient1,3.0
ENST00000646186,Patient1,3.0
ENST00000646286,Patient1,3.0
ENST00000644838,Patient1,3.0
ENST00000643142,Patient1,3.0
ENST00000366601,Patient1,3.0
ENST00000643524,Patient1,3.0
ENST00000646536,Patient1,3.0
ENST00000644037,Patient1,3.0
ENST00000646463,Patient1,3.0
ENST00000645551,Patient1,3.0
ENST00000646821,Patient1,3.0
ENST00000472011,Patient1,3.0
ENST00000643238,Patient1,3.0
ENST00000646104,Patient1,3.0
ENST00000645662,Patient1,3.0
ENST00000643993,Patient1,3.0
ENST00000645964,Patient1,3.0
ENST00000642339,Patient1,3.0
ENST00000644217,Patient1,3.0
ENST00000642372,Patient1,3.0
ENST00000646929,Patient1,3.0
ENST00000644265,Patient1,3.0
ENST00000482230,Patient1,3.0
ENST00000644910,Patient1,3.0
ENST00000461651,Patient1,3.0
ENST00000647338,Patient1,3.0
ENST00000646842,Patient1,3.0
ENST00000647322,Patient1,3.0
ENST00000646495,Patient1,3.0
ENST00000644126,Patient1,3.0
ENST00000643487,Patient1,3.0
ENST00000642764,Patient1,3.0
ENST00000642981,Patient1,3.0
ENST00000465463,Patient1,3.0
ENST00000646661,Patient1,3.0
ENST00000647151,Patient1,3.0
ENST00000643418,Patient1,1.0
ENST00000647428,Patient1,1.0
ENST00000645655,Patient1,1.0
ENST00000644055,Patient1,1.0
ENST00000646528,Patient1,1.0
ENST00000647186,Patient1,1.0
ENST00000646624,Patient1,1.0
ENST00000643410,Patient1,1.0
ENST00000645205,Patient1,1.0
ENST00000645351,Patient1,1.0
ENST00000645836,Patient1,1.0
ENST00000646281,Patient1,1.0
ENST00000642503,Patient1,1.0
ENST00000645069,Patient1,1.0
ENST00000644680,Patient1,1.0
ENST00000643758,Patient1,1.0
ENST00000645578,Patient1,1.0
ENST00000642431,Patient1,1.0
ENST00000644604,Patient1,1.0
ENST00000373020,Patient1,4.0
ENST00000612152,Patient1,4.0
ENST00000614008,Patient1,4.0
ENST00000496771,Patient1,4.0
ENST00000494424,Patient1,4.0
ENST00000584747,Patient2,2.0
ENST00000441263,Patient2,2.0
ENST00000580790,Patient2,0.8
ENST00000498289,Patient2,12.0
ENST00000472795,Patient2,12.0
ENST00000496973,Patient2,12.0
ENST00000481744,Patient2,12.0
ENST00000359326,Patient2,12.0
ENST00000466580,Patient2,12.0
ENST00000459772,Patient2,12.0
ENST00000286031,Patient2,12.0
ENST00000413811,Patient2,12.0
ENST00000367429,Patient2,0.9
ENST00000630130,Patient2,0.9
ENST00000496761,Patient2,0.9
ENST00000359637,Patient2,0.9
ENST00000466229,Patient2,0.9
ENST00000470918,Patient2,0.9
ENST00000466152,Patient2,112.0
ENST00000371582,Patient2,112.0
ENST00000683048,Patient2,112.0
ENST00000371588,Patient2,112.0
ENST00000494752,Patient2,112.0
ENST00000682366,Patient2,112.0
ENST00000371584,Patient2,112.0
ENST00000684193,Patient2,112.0
ENST00000683466,Patient2,112.0
ENST00000682713,Patient2,112.0
ENST00000681979,Patient2,112.0
ENST00000684708,Patient2,112.0
ENST00000413082,Patient2,112.0
ENST00000682754,Patient2,112.0
ENST00000683010,Patient2,112.0
ENST00000684628,Patient2,112.0
ENST00000374005,Patient2,40.0
ENST00000399173,Patient2,40.0
ENST00000374004,Patient2,40.0
ENST00000374003,Patient2,40.0
ENST00000457296,Patient2,40.0
ENST00000475472,Patient2,40.0
ENST00000468038,Patient2,40.0
ENST00000002165,Patient2,176.0
ENST00000451668,Patient2,176.0
ENST00000367585,Patient2,176.0
ENST00000509541,Patient2,42.0
ENST00000650454,Patient2,42.0
ENST00000616923,Patient2,42.0
ENST00000515580,Patient2,42.0
ENST00000643939,Patient2,42.0
ENST00000513939,Patient2,42.0
ENST00000510837,Patient2,42.0
ENST00000504353,Patient2,42.0
ENST00000514373,Patient2,42.0
ENST00000504525,Patient2,42.0
ENST00000514004,Patient2,42.0
ENST00000505294,Patient2,42.0
ENST00000514933,Patient2,42.0
ENST00000505197,Patient2,42.0
ENST00000522718,Patient2,4.0
ENST00000520422,Patient2,4.0
ENST00000519738,Patient2,4.0
ENST00000517363,Patient2,4.0
ENST00000521989,Patient2,30.0
ENST00000665151,Patient2,30.0
ENST00000668286,Patient2,30.0
ENST00000341376,Patient2,43.0
ENST00000353205,Patient2,43.0
ENST00000464525,Patient2,2.0
ENST00000489144,Patient2,2.0
ENST00000379340,Patient2,2.0
ENST00000486319,Patient2,2.0
ENST00000503564,Patient2,2.0
ENST00000511773,Patient2,2.0
ENST00000508848,Patient2,2.0
ENST00000513506,Patient2,2.0
ENST00000504677,Patient2,2.0
ENST00000506060,Patient2,2.0
ENST00000502415,Patient2,2.0
ENST00000507355,Patient2,2.0
ENST00000608621,Patient2,2.0
ENST00000511313,Patient2,2.0
ENST00000504157,Patient2,2.0
ENST00000613744,Patient2,2.0
ENST00000508910,Patient2,2.0
ENST00000621093,Patient2,2.0
ENST00000443430,Patient2,2.0
ENST00000513438,Patient2,2.0
ENST00000504101,Patient2,2.0
ENST00000427076,Patient2,0.2
ENST00000422304,Patient2,0.2
ENST00000326391,Patient2,5.0
ENST00000418424,Patient2,5.0
ENST00000469495,Patient2,0.8
ENST00000313961,Patient2,0.8
ENST00000367903,Patient2,0.8
ENST00000530507,Patient2,0.8
ENST00000527988,Patient2,0.8
ENST00000531954,Patient2,0.8
ENST00000525894,Patient2,0.8
ENST00000531476,Patient2,0.8
ENST00000530241,Patient2,0.8
ENST00000534288,Patient2,0.8
ENST00000428971,Patient2,0.8
ENST00000618415,Patient2,0.8
ENST00000451759,Patient2,1.0
ENST00000449680,Patient2,1.0
ENST00000427213,Patient2,1.0
ENST00000429865,Patient2,1.0
ENST00000528019,Patient2,1.0
ENST00000528689,Patient2,1.0
ENST00000439699,Patient2,1.0
ENST00000528818,Patient2,1.0
ENST00000526176,Patient2,1.0
ENST00000367771,Patient2,6.0
ENST00000367770,Patient2,6.0
ENST00000423670,Patient2,6.0
ENST00000470238,Patient2,6.0
ENST00000367772,Patient2,6.0
ENST00000534261,Patient2,5.0
ENST00000599649,Patient2,4.0
ENST00000429354,Patient2,4.0
ENST00000683636,Patient2,4.0
ENST00000337248,Patient2,0.9
ENST00000374409,Patient2,0.9
ENST00000003583,Patient2,0.9
ENST00000468303,Patient2,0.9
ENST00000497384,Patient2,0.9
ENST00000438866,Patient2,0.9
ENST00000435187,Patient2,0.9
ENST00000483261,Patient2,0.9
ENST00000498488,Patient2,0.9
ENST00000483528,Patient2,0.9
ENST00000475760,Patient2,0.9
ENST00000492753,Patient2,0.9
ENST00000651186,Patient2,2.0
ENST00000643125,Patient2,2.0
ENST00000642463,Patient2,2.0
ENST00000406207,Patient2,2.0
ENST00000645899,Patient2,2.0
ENST00000642926,Patient2,2.0
ENST00000647233,Patient2,2.0
ENST00000644578,Patient2,2.0
ENST00000647418,Patient2,2.0
ENST00000645372,Patient2,2.0
ENST00000647407,Patient2,2.0
ENST00000643994,Patient2,2.0
ENST00000645582,Patient2,2.0
ENST00000642610,Patient2,2.0
ENST00000646384,Patient2,2.0
ENST00000644625,Patient2,2.0
ENST00000647489,Patient2,2.0
ENST00000647332,Patient2,2.0
ENST00000646848,Patient2,2.0
ENST00000543662,Patient2,2.0
ENST00000643615,Patient2,2.0
ENST00000646186,Patient2,2.0
ENST00000646286,Patient2,2.0
ENST00000644838,Patient2,2.0
ENST00000643142,Patient2,2.0
ENST00000366601,Patient2,2.0
ENST00000643524,Patient2,2.0
ENST00000646536,Patient2,2.0
ENST00000644037,Patient2,2.0
ENST00000646463,Patient2,2.0
ENST00000645551,Patient2,2.0
ENST00000646821,Patient2,2.0
ENST00000472011,Patient2,2.0
ENST00000643238,Patient2,2.0
ENST00000646104,Patient2,2.0
ENST00000645662,Patient2,2.0
ENST00000643993,Patient2,2.0
ENST00000645964,Patient2,2.0
ENST00000642339,Patient2,2.0
ENST00000644217,Patient2,2.0
ENST00000642372,Patient2,2.0
ENST00000646929,Patient2,2.0
ENST00000644265,Patient2,2.0
ENST00000482230,Patient2,2.0
ENST00000644910,Patient2,2.0
ENST00000461651,Patient2,2.0
ENST00000647338,Patient2,2.0
ENST00000646842,Patient2,2.0
ENST00000647322,Patient2,2.0
ENST00000646495,Patient2,2.0
ENST00000644126,Patient2,2.0
ENST00000643487,Patient2,2.0
ENST00000642764,Patient2,2.0
ENST00000642981,Patient2,2.0
ENST00000465463,Patient2,2.0
ENST00000646661,Patient2,2.0
ENST00000647151,Patient2,2.0
ENST00000643418,Patient2,2.0
ENST00000647428,Patient2,2.0
ENST00000645655,Patient2,2.0
ENST00000644055,Patient2,2.0
ENST00000646528,Patient2,2.0
ENST00000647186,Patient2,2.0
ENST00000646624,Patient2,2.0
ENST00000643410,Patient2,2.0
ENST00000645205,Patient2,2.0
ENST00000645351,Patient2,2.0
ENST00000645836,Patient2,2.0
ENST00000646281,Patient2,2.0
ENST00000642503,Patient2,2.0
ENST00000645069,Patient2,2.0
ENST00000644680,Patient2,2.0
ENST00000643758,Patient2,2.0
ENST00000645578,Patient2,2.0
ENST00000642431,Patient2,2.0
ENST00000644604,Patient2,2.0
ENST00000373020,Patient2,1.0
ENST00000612152,Patient2,1.0
ENST00000614008,Patient2,1.0
ENST00000496771,Patient2,1.0
ENST00000494424,Patient2,1.0
ENST00000584747,Patient3,4.0
ENST00000441263,Patient3,4.0
ENST00000580790,Patient3,0.5
ENST00000498289,Patient3,11.0
ENST00000472795,Patient3,11.0
ENST00000496973,Patient3,11.0
ENST00000481744,Patient3,11.0
ENST00000359326,Patient3,11.0
ENST00000466580,Patient3,11.0
ENST00000459772,Patient3,11.0
ENST00000286031,Patient3,11.0
ENST00000413811,Patient3,11.0
ENST00000367429,Patient3,0.4
ENST00000630130,Patient3,0.4
ENST00000496761,Patient3,0.4
ENST00000359637,Patient3,0.4
ENST00000466229,Patient3,0.4
ENST00000470918,Patient3,0.4
ENST00000466152,Patient3,111.0
ENST00000371582,Patient3,111.0
ENST00000683048,Patient3,111.0
ENST00000371588,Patient3,111.0
ENST00000494752,Patient3,111.0
ENST00000682366,Patient3,111.0
ENST00000371584,Patient3,111.0
ENST00000684193,Patient3,111.0
ENST00000683466,Patient3,111.0
ENST00000682713,Patient3,111.0
ENST00000681979,Patient3,111.0
ENST00000684708,Patient3,111.0
ENST00000413082,Patient3,111.0
ENST00000682754,Patient3,111.0
ENST00000683010,Patient3,111.0
ENST00000684628,Patient3,111.0
ENST00000374005,Patient3,21.0
ENST00000399173,Patient3,21.0
ENST00000374004,Patient3,21.0
ENST00000374003,Patient3,21.0
ENST00000457296,Patient3,21.0
ENST00000475472,Patient3,21.0
ENST00000468038,Patient3,21.0
ENST00000002165,Patient3,181.0
ENST00000451668,Patient3,181.0
ENST00000367585,Patient3,181.0
ENST00000509541,Patient3,62.0
ENST00000650454,Patient3,62.0
ENST00000616923,Patient3,62.0
ENST00000515580,Patient3,62.0
ENST00000643939,Patient3,62.0
ENST00000513939,Patient3,62.0
ENST00000510837,Patient3,62.0
ENST00000504353,Patient3,62.0
ENST00000514373,Patient3,62.0
ENST00000504525,Patient3,62.0
ENST00000514004,Patient3,62.0
ENST00000505294,Patient3,62.0
ENST00000514933,Patient3,62.0
ENST00000505197,Patient3,62.0
ENST00000522718,Patient3,8.0
ENST00000520422,Patient3,8.0
ENST00000519738,Patient3,8.0
ENST00000517363,Patient3,8.0
ENST00000521989,Patient3,36.0
ENST00000665151,Patient3,36.0
ENST00000668286,Patient3,36.0
ENST00000341376,Patient3,40.0
ENST00000353205,Patient3,40.0
ENST00000464525,Patient3,1.0
ENST00000489144,Patient3,1.0
ENST00000379340,Patient3,1.0
ENST00000486319,Patient3,1.0
ENST00000503564,Patient3,1.0
ENST00000511773,Patient3,1.0
ENST00000508848,Patient3,1.0
ENST00000513506,Patient3,1.0
ENST00000504677,Patient3,1.0
ENST00000506060,Patient3,1.0
ENST00000502415,Patient3,1.0
ENST00000507355,Patient3,1.0
ENST00000608621,Patient3,1.0
ENST00000511313,Patient3,1.0
ENST00000504157,Patient3,1.0
ENST00000613744,Patient3,1.0
ENST00000508910,Patient3,1.0
ENST00000621093,Patient3,1.0
ENST00000443430,Patient3,1.0
ENST00000513438,Patient3,1.0
ENST00000504101,Patient3,1.0
ENST00000427076,Patient3,0.2
ENST00000422304,Patient3,0.2
ENST00000326391,Patient3,5.0
ENST00000418424,Patient3,5.0
ENST00000469495,Patient3,2.0
ENST00000313961,Patient3,2.0
ENST00000367903,Patient3,2.0
ENST00000530507,Patient3,2.0
ENST00000527988,Patient3,2.0
ENST00000531954,Patient3,2.0
ENST00000525894,Patient3,2.0
ENST00000531476,Patient3,2.0
ENST00000530241,Patient3,2.0
ENST00000534288,Patient3,2.0
ENST00000428971,Patient3,2.0
ENST00000618415,Patient3,2.0
ENST00000451759,Patient3,0.8
ENST00000449680,Patient3,0.8
ENST00000427213,Patient3,0.8
ENST00000429865,Patient3,0.8
ENST00000528019,Patient3,0.8
ENST00000528689,Patient3,0.8
ENST00000439699,Patient3,0.8
ENST00000528818,Patient3,0.8
ENST00000526176,Patient3,0.8
ENST00000367771,Patient3,6.0
ENST00000367770,Patient3,6.0
ENST00000423670,Patient3,6.0
ENST00000470238,Patient3,6.0
ENST00000367772,Patient3,6.0
ENST00000534261,Patient3,10.0
ENST00000599649,Patient3,4.0
ENST00000429354,Patient3,4.0
ENST00000683636,Patient3,4.0
ENST00000337248,Patient3,0.9
ENST00000374409,Patient3,0.9
ENST00000003583,Patient3,0.9
ENST00000468303,Patient3,0.9
ENST00000497384,Patient3,0.9
ENST00000438866,Patient3,0.9
ENST00000435187,Patient3,0.9
ENST00000483261,Patient3,0.9
ENST00000498488,Patient3,0.9
ENST00000483528,Patient3,0.9
ENST00000475760,Patient3,0.9
ENST00000492753,Patient3,0.9
ENST00000651186,Patient3,3.0
ENST00000643125,Patient3,3.0
ENST00000642463,Patient3,3.0
ENST00000406207,Patient3,3.0
ENST00000645899,Patient3,3.0
ENST00000642926,Patient3,3.0
ENST00000647233,Patient3,3.0
ENST00000644578,Patient3,3.0
ENST00000647418,Patient3,3.0
ENST00000645372,Patient3,3.0
ENST00000647407,Patient3,3.0
ENST00000643994,Patient3,3.0
ENST00000645582,Patient3,3.0
ENST00000642610,Patient3,3.0
ENST00000646384,Patient3,3.0
ENST00000644625,Patient3,3.0
ENST00000647489,Patient3,3.0
ENST00000647332,Patient3,3.0
ENST00000646848,Patient3,3.0
ENST00000543662,Patient3,3.0
ENST00000643615,Patient3,3.0
ENST00000646186,Patient3,3.0
ENST00000646286,Patient3,3.0
ENST00000644838,Patient3,3.0
ENST00000643142,Patient3,3.0
ENST00000366601,Patient3,3.0
ENST00000643524,Patient3,3.0
ENST00000646536,Patient3,3.0
ENST00000644037,Patient3,3.0
ENST00000646463,Patient3,3.0
ENST00000645551,Patient3,3.0
ENST00000646821,Patient3,3.0
ENST00000472011,Patient3,3.0
ENST00000643238,Patient3,3.0
ENST00000646104,Patient3,3.0
ENST00000645662,Patient3,3.0
ENST00000643993,Patient3,3.0
ENST00000645964,Patient3,3.0
ENST00000642339,Patient3,3.0
ENST00000644217,Patient3,3.0
ENST00000642372,Patient3,3.0
ENST00000646929,Patient3,3.0
ENST00000644265,Patient3,3.0
ENST00000482230,Patient3,3.0
ENST00000644910,Patient3,3.0
ENST00000461651,Patient3,3.0
ENST00000647338,Patient3,3.0
ENST00000646842,Patient3,3.0
ENST00000647322,Patient3,3.0
ENST00000646495,Patient3,3.0
ENST00000644126,Patient3,3.0
ENST00000643487,Patient3,3.0
ENST00000642764,Patient3,3.0
ENST00000642981,Patient3,3.0
ENST00000465463,Patient3,3.0
ENST00000646661,Patient3,3.0
ENST00000647151,Patient3,3.0
ENST00000643418,Patient3,1.0
ENST00000647428,Patient3,1.0
ENST00000645655,Patient3,1.0
ENST00000644055,Patient3,1.0
ENST00000646528,Patient3,1.0
ENST00000647186,Patient3,1.0
ENST00000646624,Patient3,1.0
ENST00000643410,Patient3,1.0
ENST00000645205,Patient3,1.0
ENST00000645351,Patient3,1.0
ENST00000645836,Patient3,1.0
ENST00000646281,Patient3,1.0
ENST00000642503,Patient3,1.0
ENST00000645069,Patient3,1.0
ENST00000644680,Patient3,1.0
ENST00000643758,Patient3,1.0
ENST00000645578,Patient3,1.0
ENST00000642431,Patient3,1.0
ENST00000644604,Patient3,1.0
ENST00000373020,Patient3,2.0
ENST00000612152,Patient3,2.0
ENST00000614008,Patient3,2.0
ENST00000496771,Patient3,2.0
ENST00000494424,Patient3,2.0
ENST00000584747,Patient4,2.0
ENST00000441263,Patient4,2.0
ENST00000580790,Patient4,0.9
ENST00000498289,Patient4,8.0
ENST00000472795,Patient4,8.0
ENST00000496973,Patient4,8.0
ENST00000481744,Patient4,8.0
ENST00000359326,Patient4,8.0
ENST00000466580,Patient4,8.0
ENST00000459772,Patient4,8.0
ENST00000286031,Patient4,8.0
ENST00000413811,Patient4,8.0
ENST00000367429,Patient4,0.8
ENST00000630130,Patient4,0.8
ENST00000496761,Patient4,0.8
ENST00000359637,Patient4,0.8
ENST00000466229,Patient4,0.8
ENST00000470918,Patient4,0.8
ENST00000466152,Patient4,106.0
ENST00000371582,Patient4,106.0
ENST00000683048,Patient4,106.0
ENST00000371588,Patient4,106.0
ENST00000494752,Patient4,106.0
ENST00000682366,Patient4,106.0
ENST00000371584,Patient4,106.0
ENST00000684193,Patient4,106.0
ENST00000683466,Patient4,106.0
ENST00000682713,Patient4,106.0
ENST00000681979,Patient4,106.0
ENST00000684708,Patient4,106.0
ENST00000413082,Patient4,106.0
ENST00000682754,Patient4,106.0
ENST00000683010,Patient4,106.0
ENST00000684628,Patient4,106.0
ENST00000374005,Patient4,13.0
ENST00000399173,Patient4,13.0
ENST00000374004,Patient4,13.0
ENST00000374003,Patient4,13.0
ENST00000457296,Patient4,13.0
ENST00000475472,Patient4,13.0
ENST00000468038,Patient4,13.0
ENST00000002165,Patient4,181.0
ENST00000451668,Patient4,181.0
ENST00000367585,Patient4,181.0
ENST00000509541,Patient4,38.0
ENST00000650454,Patient4,38.0
ENST00000616923,Patient4,38.0
ENST00000515580,Patient4,38.0
ENST00000643939,Patient4,38.0
ENST00000513939,Patient4,38.0
ENST00000510837,Patient4,38.0
ENST00000504353,Patient4,38.0
ENST00000514373,Patient4,38.0
ENST00000504525,Patient4,38.0
ENST00000514004,Patient4,38.0
ENST00000505294,Patient4,38.0
ENST00000514933,Patient4,38.0
ENST00000505197,Patient4,38.0
ENST00000522718,Patient4,5.0
ENST00000520422,Patient4,5.0
ENST00000519738,Patient4,5.0
ENST00000517363,Patient4,5.0
ENST00000521989,Patient4,33.0
ENST00000665151,Patient4,33.0
ENST00000668286,Patient4,33.0
ENST00000341376,Patient4,35.0
ENST00000353205,Patient4,35.0
ENST00000464525,Patient4,0.7
ENST00000489144,Patient4,0.7
ENST00000379340,Patient4,0.7
ENST00000486319,Patient4,0.7
ENST00000503564,Patient4,0.7
ENST00000511773,Patient4,0.7
ENST00000508848,Patient4,0.7
ENST00000513506,Patient4,0.7
ENST00000504677,Patient4,0.7
ENST00000506060,Patient4,0.7
ENST00000502415,Patient4,0.7
ENST00000507355,Patient4,0.7
ENST00000608621,Patient4,0.5
ENST00000511313,Patient4,0.5
ENST00000504157,Patient4,0.5
ENST00000613744,Patient4,0.5
ENST00000508910,Patient4,0.5
ENST00000621093,Patient4,0.5
ENST00000443430,Patient4,0.5
ENST00000513438,Patient4,0.5
ENST00000504101,Patient4,0.5
ENST00000427076,Patient4,0.2
ENST00000422304,Patient4,0.2
ENST00000326391,Patient4,4.0
ENST00000418424,Patient4,4.0
ENST00000469495,Patient4,7.0
ENST00000313961,Patient4,7.0
ENST00000367903,Patient4,7.0
ENST00000530507,Patient4,7.0
ENST00000527988,Patient4,7.0
ENST00000531954,Patient4,7.0
ENST00000525894,Patient4,7.0
ENST00000531476,Patient4,7.0
ENST00000530241,Patient4,7.0
ENST00000534288,Patient4,7.0
ENST00000428971,Patient4,7.0
ENST00000618415,Patient4,7.0
ENST00000451759,Patient4,1.0
ENST00000449680,Patient4,1.0
ENST00000427213,Patient4,1.0
ENST00000429865,Patient4,1.0
ENST00000528019,Patient4,1.0
ENST00000528689,Patient4,1.0
ENST00000439699,Patient4,1.0
ENST00000528818,Patient4,1.0
ENST00000526176,Patient4,1.0
ENST00000367771,Patient4,7.0
ENST00000367770,Patient4,7.0
ENST00000423670,Patient4,7.0
ENST00000470238,Patient4,7.0
ENST00000367772,Patient4,7.0
ENST00000534261,Patient4,11.0
ENST00000599649,Patient4,4.0
ENST00000429354,Patient4,4.0
ENST00000683636,Patient4,4.0
ENST00000337248,Patient4,2.0
ENST00000374409,Patient4,2.0
ENST00000003583,Patient4,2.0
ENST00000468303,Patient4,2.0
ENST00000497384,Patient4,2.0
ENST00000438866,Patient4,2.0
ENST00000435187,Patient4,2.0
ENST00000483261,Patient4,2.0
ENST00000498488,Patient4,2.0
ENST00000483528,Patient4,2.0
ENST00000475760,Patient4,2.0
ENST00000492753,Patient4,2.0
ENST00000651186,Patient4,3.0
ENST00000643125,Patient4,3.0
ENST00000642463,Patient4,3.0
ENST00000406207,Patient4,3.0
ENST00000645899,Patient4,3.0
ENST00000642926,Patient4,3.0
ENST00000647233,Patient4,3.0
ENST00000644578,Patient4,3.0
ENST00000647418,Patient4,3.0
ENST00000645372,Patient4,3.0
ENST00000647407,Patient4,3.0
ENST00000643994,Patient4,3.0
ENST00000645582,Patient4,3.0
ENST00000642610,Patient4,3.0
ENST00000646384,Patient4,3.0
ENST00000644625,Patient4,3.0
ENST00000647489,Patient4,3.0
ENST00000647332,Patient4,3.0
ENST00000646848,Patient4,3.0
ENST00000543662,Patient4,3.0
ENST00000643615,Patient4,3.0
ENST00000646186,Patient4,3.0
ENST00000646286,Patient4,3.0
ENST00000644838,Patient4,3.0
ENST00000643142,Patient4,3.0
ENST00000366601,Patient4,3.0
ENST00000643524,Patient4,3.0
ENST00000646536,Patient4,3.0
ENST00000644037,Patient4,3.0
ENST00000646463,Patient4,3.0
ENST00000645551,Patient4,3.0
ENST00000646821,Patient4,3.0
ENST00000472011,Patient4,3.0
ENST00000643238,Patient4,3.0
ENST00000646104,Patient4,3.0
ENST00000645662,Patient4,3.0
ENST00000643993,Patient4,3.0
ENST00000645964,Patient4,3.0
ENST00000642339,Patient4,3.0
ENST00000644217,Patient4,3.0
ENST00000642372,Patient4,3.0
ENST00000646929,Patient4,3.0
ENST00000644265,Patient4,3.0
ENST00000482230,Patient4,3.0
ENST00000644910,Patient4,3.0
ENST00000461651,Patient4,3.0
ENST00000647338,Patient4,3.0
ENST00000646842,Patient4,3.0
ENST00000647322,Patient4,3.0
ENST00000646495,Patient4,3.0
ENST00000644126,Patient4,3.0
ENST00000643487,Patient4,3.0
ENST00000642764,Patient4,3.0
ENST00000642981,Patient4,3.0
ENST00000465463,Patient4,3.0
ENST00000646661,Patient4,3.0
ENST00000647151,Patient4,3.0
ENST00000643418,Patient4,1.0
ENST00000647428,Patient4,1.0
ENST00000645655,Patient4,1.0
ENST00000644055,Patient4,1.0
ENST00000646528,Patient4,1.0
ENST00000647186,Patient4,1.0
ENST00000646624,Patient4,1.0
ENST00000643410,Patient4,1.0
ENST00000645205,Patient4,1.0
ENST00000645351,Patient4,1.0
ENST00000645836,Patient4,1.0
ENST00000646281,Patient4,1.0
ENST00000642503,Patient4,1.0
ENST00000645069,Patient4,1.0
ENST00000644680,Patient4,1.0
ENST00000643758,Patient4,1.0
ENST00000645578,Patient4,1.0
ENST00000642431,Patient4,1.0
ENST00000644604,Patient4,1.0
ENST00000373020,Patient4,5.0
ENST00000612152,Patient4,5.0
ENST00000614008,Patient4,5.0
ENST00000496771,Patient4,5.0
ENST00000494424,Patient4,5.0
ENST00000584747,Patient5,2.0
ENST00000441263,Patient5,2.0
ENST00000580790,Patient5,0.2
ENST00000498289,Patient5,6.0
ENST00000472795,Patient5,6.0
ENST00000496973,Patient5,6.0
ENST00000481744,Patient5,6.0
ENST00000359326,Patient5,6.0
ENST00000466580,Patient5,6.0
ENST00000459772,Patient5,6.0
ENST00000286031,Patient5,6.0
ENST00000413811,Patient5,6.0
ENST00000367429,Patient5,4.0
ENST00000630130,Patient5,4.0
ENST00000496761,Patient5,4.0
ENST00000359637,Patient5,4.0
ENST00000466229,Patient5,4.0
ENST00000470918,Patient5,4.0
ENST00000466152,Patient5,111.0
ENST00000371582,Patient5,111.0
ENST00000683048,Patient5,111.0
ENST00000371588,Patient5,111.0
ENST00000494752,Patient5,111.0
ENST00000682366,Patient5,111.0
ENST00000371584,Patient5,111.0
ENST00000684193,Patient5,111.0
ENST00000683466,Patient5,111.0
ENST00000682713,Patient5,111.0
ENST00000681979,Patient5,111.0
ENST00000684708,Patient5,111.0
ENST00000413082,Patient5,111.0
ENST00000682754,Patient5,111.0
ENST00000683010,Patient5,111.0
ENST00000684628,Patient5,111.0
ENST00000374005,Patient5,27.0
ENST00000399173,Patient5,27.0
ENST00000374004,Patient5,27.0
ENST00000374003,Patient5,27.0
ENST00000457296,Patient5,27.0
ENST00000475472,Patient5,27.0
ENST00000468038,Patient5,27.0
ENST00000002165,Patient5,174.0
ENST00000451668,Patient5,174.0
ENST00000367585,Patient5,174.0
ENST00000509541,Patient5,48.0
ENST00000650454,Patient5,48.0
ENST00000616923,Patient5,48.0
ENST00000515580,Patient5,48.0
ENST00000643939,Patient5,48.0
ENST00000513939,Patient5,48.0
ENST00000510837,Patient5,48.0
ENST00000504353,Patient5,48.0
ENST00000514373,Patient5,48.0
ENST00000504525,Patient5,48.0
ENST00000514004,Patient5,48.0
ENST00000505294,Patient5,48.0
ENST00000514933,Patient5,48.0
ENST00000505197,Patient5,48.0
ENST00000522718,Patient5,5.0
ENST00000520422,Patient5,5.0
ENST00000519738,Patient5,5.0
ENST00000517363,Patient5,5.0
ENST00000521989,Patient5,33.0
ENST00000665151,Patient5,33.0
ENST00000668286,Patient5,33.0
ENST00000341376,Patient5,48.0
ENST00000353205,Patient5,48.0
ENST00000464525,Patient5,0.5
ENST00000489144,Patient5,0.5
ENST00000379340,Patient5,0.5
ENST00000486319,Patient5,0.5
ENST00000503564,Patient5,0.5
ENST00000511773,Patient5,0.5
ENST00000508848,Patient5,0.5
ENST00000513506,Patient5,0.5
ENST00000504677,Patient5,0.5
ENST00000506060,Patient5,0.5
ENST00000502415,Patient5,0.5
ENST00000507355,Patient5,0.5
ENST00000608621,Patient5,0.1
ENST00000511313,Patient5,0.1
ENST00000504157,Patient5,0.1
ENST00000613744,Patient5,0.1
ENST00000508910,Patient5,0.1
ENST00000621093,Patient5,0.1
ENST00000443430,Patient5,0.1
ENST00000513438,Patient5,0.1
ENST00000504101,Patient5,0.1
ENST00000427076,Patient5,0.2
ENST00000422304,Patient5,0.2
ENST00000326391,Patient5,4.0
ENST00000418424,Patient5,4.0
ENST00000469495,Patient5,10.0
ENST00000313961,Patient5,10.0
ENST00000367903,Patient5,10.0
ENST00000530507,Patient5,10.0
ENST00000527988,Patient5,10.0
ENST00000531954,Patient5,10.0
ENST00000525894,Patient5,10.0
ENST00000531476,Patient5,10.0
ENST00000530241,Patient5,10.0
ENST00000534288,Patient5,10.0
ENST00000428971,Patient5,10.0
ENST00000618415,Patient5,10.0
ENST00000451759,Patient5,0.4
ENST00000449680,Patient5,0.4
ENST00000427213,Patient5,0.4
ENST00000429865,Patient5,0.4
ENST00000528019,Patient5,0.4
ENST00000528689,Patient5,0.4
ENST00000439699,Patient5,0.4
ENST00000528818,Patient5,0.4
ENST00000526176,Patient5,0.4
ENST00000367771,Patient5,7.0
ENST00000367770,Patient5,7.0
ENST00000423670,Patient5,7.0
ENST00000470238,Patient5,7.0
ENST00000367772,Patient5,7.0
ENST00000534261,Patient5,10.0
ENST00000599649,Patient5,3.0
ENST00000429354,Patient5,3.0
ENST00000683636,Patient5,3.0
ENST00000337248,Patient5,2.0
ENST00000374409,Patient5,2.0
ENST00000003583,Patient5,2.0
ENST00000468303,Patient5,2.0
ENST00000497384,Patient5,2.0
ENST00000438866,Patient5,2.0
ENST00000435187,Patient5,2.0
ENST00000483261,Patient5,2.0
ENST00000498488,Patient5,2.0
ENST00000483528,Patient5,2.0
ENST00000475760,Patient5,2.0
ENST00000492753,Patient5,2.0
ENST00000651186,Patient5,3.0
ENST00000643125,Patient5,3.0
ENST00000642463,Patient5,3.0
ENST00000406207,Patient5,3.0
ENST00000645899,Patient5,3.0
ENST00000642926,Patient5,3.0
ENST00000647233,Patient5,3.0
ENST00000644578,Patient5,3.0
ENST00000647418,Patient5,3.0
ENST00000645372,Patient5,3.0
ENST00000647407,Patient5,3.0
ENST00000643994,Patient5,3.0
ENST00000645582,Patient5,3.0
ENST00000642610,Patient5,3.0
ENST00000646384,Patient5,3.0
ENST00000644625,Patient5,3.0
ENST00000647489,Patient5,3.0
ENST00000647332,Patient5,3.0
ENST00000646848,Patient5,3.0
ENST00000543662,Patient5,3.0
ENST00000643615,Patient5,3.0
ENST00000646186,Patient5,3.0
ENST00000646286,Patient5,3.0
ENST00000644838,Patient5,3.0
ENST00000643142,Patient5,3.0
ENST00000366601,Patient5,3.0
ENST00000643524,Patient5,3.0
ENST00000646536,Patient5,3.0
ENST00000644037,Patient5,3.0
ENST00000646463,Patient5,3.0
ENST00000645551,Patient5,3.0
ENST00000646821,Patient5,3.0
ENST00000472011,Patient5,3.0
ENST00000643238,Patient5,3.0
ENST00000646104,Patient5,3.0
ENST00000645662,Patient5,3.0
ENST00000643993,Patient5,3.0
ENST00000645964,Patient5,3.0
ENST00000642339,Patient5,3.0
ENST00000644217,Patient5,3.0
ENST00000642372,Patient5,3.0
ENST00000646929,Patient5,3.0
ENST00000644265,Patient5,3.0
ENST00000482230,Patient5,3.0
ENST00000644910,Patient5,3.0
ENST00000461651,Patient5,3.0
ENST00000647338,Patient5,3.0
ENST00000646842,Patient5,3.0
ENST00000647322,Patient5,3.0
ENST00000646495,Patient5,3.0
ENST00000644126,Patient5,3.0
ENST00000643487,Patient5,3.0
ENST00000642764,Patient5,3.0
ENST00000642981,Patient5,3.0
ENST00000465463,Patient5,3.0
ENST00000646661,Patient5,3.0
ENST00000647151,Patient5,3.0
ENST00000643418,Patient5,2.0
ENST00000647428,Patient5,2.0
ENST00000645655,Patient5,2.0
ENST00000644055,Patient5,2.0
ENST00000646528,Patient5,2.0
ENST00000647186,Patient5,2.0
ENST00000646624,Patient5,2.0
ENST00000643410,Patient5,2.0
ENST00000645205,Patient5,2.0
ENST00000645351,Patient5,2.0
ENST00000645836,Patient5,2.0
ENST00000646281,Patient5,2.0
ENST00000642503,Patient5,2.0
ENST00000645069,Patient5,2.0
ENST00000644680,Patient5,2.0
ENST00000643758,Patient5,2.0
ENST00000645578,Patient5,2.0
ENST00000642431,Patient5,2.0
ENST00000644604,Patient5,2.0
ENST00000373020,Patient5,8.0
ENST00000612152,Patient5,8.0
ENST00000614008,Patient5,8.0
ENST00000496771,Patient5,8.0
ENST00000494424,Patient5,8.0
ENST00000584747,Patient6,1.0
ENST00000441263,Patient6,1.0
ENST00000580790,Patient6,0.5
ENST00000498289,Patient6,10.0
ENST00000472795,Patient6,10.0
ENST00000496973,Patient6,10.0
ENST00000481744,Patient6,10.0
ENST00000359326,Patient6,10.0
ENST00000466580,Patient6,10.0
ENST00000459772,Patient6,10.0
ENST00000286031,Patient6,10.0
ENST00000413811,Patient6,10.0
ENST00000367429,Patient6,5.0
ENST00000630130,Patient6,5.0
ENST00000496761,Patient6,5.0
ENST00000359637,Patient6,5.0
ENST00000466229,Patient6,5.0
ENST00000470918,Patient6,5.0
ENST00000466152,Patient6,118.0
ENST00000371582,Patient6,118.0
ENST00000683048,Patient6,118.0
ENST00000371588,Patient6,118.0
ENST00000494752,Patient6,118.0
ENST00000682366,Patient6,118.0
ENST00000371584,Patient6,118.0
ENST00000684193,Patient6,118.0
ENST00000683466,Patient6,118.0
ENST00000682713,Patient6,118.0
ENST00000681979,Patient6,118.0
ENST00000684708,Patient6,118.0
ENST00000413082,Patient6,118.0
ENST00000682754,Patient6,118.0
ENST00000683010,Patient6,118.0
ENST00000684628,Patient6,118.0
ENST00000374005,Patient6,34.0
ENST00000399173,Patient6,34.0
ENST00000374004,Patient6,34.0
ENST00000374003,Patient6,34.0
ENST00000457296,Patient6,34.0
ENST00000475472,Patient6,34.0
ENST00000468038,Patient6,34.0
ENST00000002165,Patient6,169.0
ENST00000451668,Patient6,169.0
ENST00000367585,Patient6,169.0
ENST00000509541,Patient6,53.0
ENST00000650454,Patient6,53.0
ENST00000616923,Patient6,53.0
ENST00000515580,Patient6,53.0
ENST00000643939,Patient6,53.0
ENST00000513939,Patient6,53.0
ENST00000510837,Patient6,53.0
ENST00000504353,Patient6,53.0
ENST00000514373,Patient6,53.0
ENST00000504525,Patient6,53.0
ENST00000514004,Patient6,53.0
ENST00000505294,Patient6,53.0
ENST00000514933,Patient6,53.0
ENST00000505197,Patient6,53.0
ENST00000522718,Patient6,3.0
ENST00000520422,Patient6,3.0
ENST00000519738,Patient6,3.0
ENST00000517363,Patient6,3.0
ENST00000521989,Patient6,26.0
ENST00000665151,Patient6,26.0
ENST00000668286,Patient6,26.0
ENST00000341376,Patient6,56.0
ENST00000353205,Patient6,56.0
ENST00000464525,Patient6,1.0
ENST00000489144,Patient6,1.0
ENST00000379340,Patient6,1.0
ENST00000486319,Patient6,1.0
ENST00000503564,Patient6,1.0
ENST00000511773,Patient6,1.0
ENST00000508848,Patient6,1.0
ENST00000513506,Patient6,1.0
ENST00000504677,Patient6,1.0
ENST00000506060,Patient6,1.0
ENST00000502415,Patient6,1.0
ENST00000507355,Patient6,1.0
ENST00000608621,Patient6,0.9
ENST00000511313,Patient6,0.9
ENST00000504157,Patient6,0.9
ENST00000613744,Patient6,0.9
ENST00000508910,Patient6,0.9
ENST00000621093,Patient6,0.9
ENST00000443430,Patient6,0.9
ENST00000513438,Patient6,0.9
ENST00000504101,Patient6,0.9
ENST00000427076,Patient6,0.2
ENST00000422304,Patient6,0.2
ENST00000326391,Patient6,4.0
ENST00000418424,Patient6,4.0
ENST00000469495,Patient6,10.0
ENST00000313961,Patient6,10.0
ENST00000367903,Patient6,10.0
ENST00000530507,Patient6,10.0
ENST00000527988,Patient6,10.0
ENST00000531954,Patient6,10.0
ENST00000525894,Patient6,10.0
ENST00000531476,Patient6,10.0
ENST00000530241,Patient6,10.0
ENST00000534288,Patient6,10.0
ENST00000428971,Patient6,10.0
ENST00000618415,Patient6,10.0
ENST00000451759,Patient6,0.9
ENST00000449680,Patient6,0.9
ENST00000427213,Patient6,0.9
ENST00000429865,Patient6,0.9
ENST00000528019,Patient6,0.9
ENST00000528689,Patient6,0.9
ENST00000439699,Patient6,0.9
ENST00000528818,Patient6,0.9
ENST00000526176,Patient6,0.9
ENST00000367771,Patient6,10.0
ENST00000367770,Patient6,10.0
ENST00000423670,Patient6,10.0
ENST00000470238,Patient6,10.0
ENST00000367772,Patient6,10.0
ENST00000534261,Patient6,3.0
ENST00000599649,Patient6,5.0
ENST00000429354,Patient6,5.0
ENST00000683636,Patient6,5.0
ENST00000337248,Patient6,2.0
ENST00000374409,Patient6,2.0
ENST00000003583,Patient6,2.0
ENST00000468303,Patient6,2.0
ENST00000497384,Patient6,2.0
ENST00000438866,Patient6,2.0
ENST00000435187,Patient6,2.0
ENST00000483261,Patient6,2.0
ENST00000498488,Patient6,2.0
ENST00000483528,Patient6,2.0
ENST00000475760,Patient6,2.0
ENST00000492753,Patient6,2.0
ENST00000651186,Patient6,5.0
ENST00000643125,Patient6,5.0
ENST00000642463,Patient6,5.0
ENST00000406207,Patient6,5.0
ENST00000645899,Patient6,5.0
ENST00000642926,Patient6,5.0
ENST00000647233,Patient6,5.0
ENST00000644578,Patient6,5.0
ENST00000647418,Patient6,5.0
ENST00000645372,Patient6,5.0
ENST00000647407,Patient6,5.0
ENST00000643994,Patient6,5.0
ENST00000645582,Patient6,5.0
ENST00000642610,Patient6,5.0
ENST00000646384,Patient6,5.0
ENST00000644625,Patient6,5.0
ENST00000647489,Patient6,5.0
ENST00000647332,Patient6,5.0
ENST00000646848,Patient6,5.0
ENST00000543662,Patient6,5.0
ENST00000643615,Patient6,5.0
ENST00000646186,Patient6,5.0
ENST00000646286,Patient6,5.0
ENST00000644838,Patient6,5.0
ENST00000643142,Patient6,5.0
ENST00000366601,Patient6,5.0
ENST00000643524,Patient6,5.0
ENST00000646536,Patient6,5.0
ENST00000644037,Patient6,5.0
ENST00000646463,Patient6,5.0
ENST00000645551,Patient6,5.0
ENST00000646821,Patient6,5.0
ENST00000472011,Patient6,5.0
ENST00000643238,Patient6,5.0
ENST00000646104,Patient6,5.0
ENST00000645662,Patient6,5.0
ENST00000643993,Patient6,5.0
ENST00000645964,Patient6,5.0
ENST00000642339,Patient6,5.0
ENST00000644217,Patient6,5.0
ENST00000642372,Patient6,5.0
ENST00000646929,Patient6,5.0
ENST00000644265,Patient6,5.0
ENST00000482230,Patient6,5.0
ENST00000644910,Patient6,5.0
ENST00000461651,Patient6,5.0
ENST00000647338,Patient6,5.0
ENST00000646842,Patient6,5.0
ENST00000647322,Patient6,5.0
ENST00000646495,Patient6,5.0
ENST00000644126,Patient6,5.0
ENST00000643487,Patient6,5.0
ENST00000642764,Patient6,5.0
ENST00000642981,Patient6,5.0
ENST00000465463,Patient6,5.0
ENST00000646661,Patient6,5.0
ENST00000647151,Patient6,5.0
ENST00000643418,Patient6,2.0
ENST00000647428,Patient6,2.0
ENST00000645655,Patient6,2.0
ENST00000644055,Patient6,2.0
ENST00000646528,Patient6,2.0
ENST00000647186,Patient6,2.0
ENST00000646624,Patient6,2.0
ENST00000643410,Patient6,2.0
ENST00000645205,Patient6,2.0
ENST00000645351,Patient6,2.0
ENST00000645836,Patient6,2.0
ENST00000646281,Patient6,2.0
ENST00000642503,Patient6,2.0
ENST00000645069,Patient6,2.0
ENST00000644680,Patient6,2.0
ENST00000643758,Patient6,2.0
ENST00000645578,Patient6,2.0
ENST00000642431,Patient6,2.0
ENST00000644604,Patient6,2.0
ENST00000373020,Patient6,5.0
ENST00000612152,Patient6,5.0
ENST00000614008,Patient6,5.0
ENST00000496771,Patient6,5.0
ENST00000494424,Patient6,5.0
ENST00000584747,Patient7,3.0
ENST00000441263,Patient7,3.0
ENST00000580790,Patient7,0.7
ENST00000498289,Patient7,7.0
ENST00000472795,Patient7,7.0
ENST00000496973,Patient7,7.0
ENST00000481744,Patient7,7.0
ENST00000359326,Patient7,7.0
ENST00000466580,Patient7,7.0
ENST00000459772,Patient7,7.0
ENST00000286031,Patient7,7.0
ENST00000413811,Patient7,7.0
ENST00000367429,Patient7,2.0
ENST00000630130,Patient7,2.0
ENST00000496761,Patient7,2.0
ENST00000359637,Patient7,2.0
ENST00000466229,Patient7,2.0
ENST00000470918,Patient7,2.0
ENST00000466152,Patient7,103.0
ENST00000371582,Patient7,103.0
ENST00000683048,Patient7,103.0
ENST00000371588,Patient7,103.0
ENST00000494752,Patient7,103.0
ENST00000682366,Patient7,103.0
ENST00000371584,Patient7,103.0
ENST00000684193,Patient7,103.0
ENST00000683466,Patient7,103.0
ENST00000682713,Patient7,103.0
ENST00000681979,Patient7,103.0
ENST00000684708,Patient7,103.0
ENST00000413082,Patient7,103.0
ENST00000682754,Patient7,103.0
ENST00000683010,Patient7,103.0
ENST00000684628,Patient7,103.0
ENST00000374005,Patient7,23.0
ENST00000399173,Patient7,23.0
ENST00000374004,Patient7,23.0
ENST00000374003,Patient7,23.0
ENST00000457296,Patient7,23.0
ENST00000475472,Patient7,23.0
ENST00000468038,Patient7,23.0
ENST00000002165,Patient7,156.0
ENST00000451668,Patient7,156.0
ENST00000367585,Patient7,156.0
ENST00000509541,Patient7,75.0
ENST00000650454,Patient7,75.0
ENST00000616923,Patient7,75.0
ENST00000515580,Patient7,75.0
ENST00000643939,Patient7,75.0
ENST00000513939,Patient7,75.0
ENST00000510837,Patient7,75.0
ENST00000504353,Patient7,75.0
ENST00000514373,Patient7,75.0
ENST00000504525,Patient7,75.0
ENST00000514004,Patient7,75.0
ENST00000505294,Patient7,75.0
ENST00000514933,Patient7,75.0
ENST00000505197,Patient7,75.0
ENST00000522718,Patient7,4.0
ENST00000520422,Patient7,4.0
ENST00000519738,Patient7,4.0
ENST00000517363,Patient7,4.0
ENST00000521989,Patient7,28.0
ENST00000665151,Patient7,28.0
ENST00000668286,Patient7,28.0
ENST00000341376,Patient7,49.0
ENST00000353205,Patient7,49.0
ENST00000464525,Patient7,0.6
ENST00000489144,Patient7,0.6
ENST00000379340,Patient7,0.6
ENST00000486319,Patient7,0.6
ENST00000503564,Patient7,0.6
ENST00000511773,Patient7,0.6
ENST00000508848,Patient7,0.6
ENST00000513506,Patient7,0.6
ENST00000504677,Patient7,0.6
ENST00000506060,Patient7,0.6
ENST00000502415,Patient7,0.6
ENST00000507355,Patient7,0.6
ENST00000608621,Patient7,0.3
ENST00000511313,Patient7,0.3
ENST00000504157,Patient7,0.3
ENST00000613744,Patient7,0.3
ENST00000508910,Patient7,0.3
ENST00000621093,Patient7,0.3
ENST00000443430,Patient7,0.3
ENST00000513438,Patient7,0.3
ENST00000504101,Patient7,0.3
ENST00000427076,Patient7,0.4
ENST00000422304,Patient7,0.4
ENST00000326391,Patient7,3.0
ENST00000418424,Patient7,3.0
ENST00000469495,Patient7,6.0
ENST00000313961,Patient7,6.0
ENST00000367903,Patient7,6.0
ENST00000530507,Patient7,6.0
ENST00000527988,Patient7,6.0
ENST00000531954,Patient7,6.0
ENST00000525894,Patient7,6.0
ENST00000531476,Patient7,6.0
ENST00000530241,Patient7,6.0
ENST00000534288,Patient7,6.0
ENST00000428971,Patient7,6.0
ENST00000618415,Patient7,6.0
ENST00000451759,Patient7,0.3
ENST00000449680,Patient7,0.3
ENST00000427213,Patient7,0.3
ENST00000429865,Patient7,0.3
ENST00000528019,Patient7,0.3
ENST00000528689,Patient7,0.3
ENST00000439699,Patient7,0.3
ENST00000528818,Patient7,0.3
ENST00000526176,Patient7,0.3
ENST00000367771,Patient7,6.0
ENST00000367770,Patient7,6.0
ENST00000423670,Patient7,6.0
ENST00000470238,Patient7,6.0
ENST00000367772,Patient7,6.0
ENST00000534261,Patient7,6.0
ENST00000599649,Patient7,8.0
ENST00000429354,Patient7,8.0
ENST00000683636,Patient7,8.0
ENST00000337248,Patient7,2.0
ENST00000374409,Patient7,2.0
ENST00000003583,Patient7,2.0
ENST00000468303,Patient7,2.0
ENST00000497384,Patient7,2.0
ENST00000438866,Patient7,2.0
ENST00000435187,Patient7,2.0
ENST00000483261,Patient7,2.0
ENST00000498488,Patient7,2.0
ENST00000483528,Patient7,2.0
ENST00000475760,Patient7,2.0
ENST00000492753,Patient7,2.0
ENST00000651186,Patient7,2.0
ENST00000643125,Patient7,2.0
ENST00000642463,Patient7,2.0
ENST00000406207,Patient7,2.0
ENST00000645899,Patient7,2.0
ENST00000642926,Patient7,2.0
ENST00000647233,Patient7,2.0
ENST00000644578,Patient7,2.0
ENST00000647418,Patient7,2.0
ENST00000645372,Patient7,2.0
ENST00000647407,Patient7,2.0
ENST00000643994,Patient7,2.0
ENST00000645582,Patient7,2.0
ENST00000642610,Patient7,2.0
ENST00000646384,Patient7,2.0
ENST00000644625,Patient7,2.0
ENST00000647489,Patient7,2.0
ENST00000647332,Patient7,2.0
ENST00000646848,Patient7,2.0
ENST00000543662,Patient7,2.0
ENST00000643615,Patient7,2.0
ENST00000646186,Patient7,2.0
ENST00000646286,Patient7,2.0
ENST00000644838,Patient7,2.0
ENST00000643142,Patient7,2.0
ENST00000366601,Patient7,2.0
ENST00000643524,Patient7,2.0
ENST00000646536,Patient7,2.0
ENST00000644037,Patient7,2.0
ENST00000646463,Patient7,2.0
ENST00000645551,Patient7,2.0
ENST00000646821,Patient7,2.0
ENST00000472011,Patient7,2.0
ENST00000643238,Patient7,2.0
ENST00000646104,Patient7,2.0
ENST00000645662,Patient7,2.0
ENST00000643993,Patient7,2.0
ENST00000645964,Patient7,2.0
ENST00000642339,Patient7,2.0
ENST00000644217,Patient7,2.0
ENST00000642372,Patient7,2.0
ENST00000646929,Patient7,2.0
ENST00000644265,Patient7,2.0
ENST00000482230,Patient7,2.0
ENST00000644910,Patient7,2.0
ENST00000461651,Patient7,2.0
ENST00000647338,Patient7,2.0
ENST00000646842,Patient7,2.0
ENST00000647322,Patient7,2.0
ENST00000646495,Patient7,2.0
ENST00000644126,Patient7,2.0
ENST00000643487,Patient7,2.0
ENST00000642764,Patient7,2.0
ENST00000642981,Patient7,2.0
ENST00000465463,Patient7,2.0
ENST00000646661,Patient7,2.0
ENST00000647151,Patient7,2.0
ENST00000643418,Patient7,0.6
ENST00000647428,Patient7,0.6
ENST00000645655,Patient7,0.6
ENST00000644055,Patient7,0.6
ENST00000646528,Patient7,0.6
ENST00000647186,Patient7,0.6
ENST00000646624,Patient7,0.6
ENST00000643410,Patient7,0.6
ENST00000645205,Patient7,0.6
ENST00000645351,Patient7,0.6
ENST00000645836,Patient7,0.6
ENST00000646281,Patient7,0.6
ENST00000642503,Patient7,0.6
ENST00000645069,Patient7,0.6
ENST00000644680,Patient7,0.6
ENST00000643758,Patient7,0.6
ENST00000645578,Patient7,0.6
ENST00000642431,Patient7,0.6
ENST00000644604,Patient7,0.6
ENST00000373020,Patient7,5.0
ENST00000612152,Patient7,5.0
ENST00000614008,Patient7,5.0
ENST00000496771,Patient7,5.0
ENST00000494424,Patient7,5.0
ENST00000584747,Patient8,1.0
ENST00000441263,Patient8,1.0
ENST00000580790,Patient8,0.3
ENST00000498289,Patient8,7.0
ENST00000472795,Patient8,7.0
ENST00000496973,Patient8,7.0
ENST00000481744,Patient8,7.0
ENST00000359326,Patient8,7.0
ENST00000466580,Patient8,7.0
ENST00000459772,Patient8,7.0
ENST00000286031,Patient8,7.0
ENST00000413811,Patient8,7.0
ENST00000367429,Patient8,2.0
ENST00000630130,Patient8,2.0
ENST00000496761,Patient8,2.0
ENST00000359637,Patient8,2.0
ENST00000466229,Patient8,2.0
ENST00000470918,Patient8,2.0
ENST00000466152,Patient8,114.0
ENST00000371582,Patient8,114.0
ENST00000683048,Patient8,114.0
ENST00000371588,Patient8,114.0
ENST00000494752,Patient8,114.0
ENST00000682366,Patient8,114.0
ENST00000371584,Patient8,114.0
ENST00000684193,Patient8,114.0
ENST00000683466,Patient8,114.0
ENST00000682713,Patient8,114.0
ENST00000681979,Patient8,114.0
ENST00000684708,Patient8,114.0
ENST00000413082,Patient8,114.0
ENST00000682754,Patient8,114.0
ENST00000683010,Patient8,114.0
ENST00000684628,Patient8,114.0
ENST00000374005,Patient8,16.0
ENST00000399173,Patient8,16.0
ENST00000374004,Patient8,16.0
ENST00000374003,Patient8,16.0
ENST00000457296,Patient8,16.0
ENST00000475472,Patient8,16.0
ENST00000468038,Patient8,16.0
ENST00000002165,Patient8,148.0
ENST00000451668,Patient8,148.0
ENST00000367585,Patient8,148.0
ENST00000509541,Patient8,59.0
ENST00000650454,Patient8,59.0
ENST00000616923,Patient8,59.0
ENST00000515580,Patient8,59.0
ENST00000643939,Patient8,59.0
ENST00000513939,Patient8,59.0
ENST00000510837,Patient8,59.0
ENST00000504353,Patient8,59.0
ENST00000514373,Patient8,59.0
ENST00000504525,Patient8,59.0
ENST00000514004,Patient8,59.0
ENST00000505294,Patient8,59.0
ENST00000514933,Patient8,59.0
ENST00000505197,Patient8,59.0
ENST00000522718,Patient8,4.0
ENST00000520422,Patient8,4.0
ENST00000519738,Patient8,4.0
ENST00000517363,Patient8,4.0
ENST00000521989,Patient8,28.0
ENST00000665151,Patient8,28.0
ENST00000668286,Patient8,28.0
ENST00000341376,Patient8,45.0
ENST00000353205,Patient8,45.0
ENST00000464525,Patient8,0.3
ENST00000489144,Patient8,0.3
ENST00000379340,Patient8,0.3
ENST00000486319,Patient8,0.3
ENST00000503564,Patient8,0.3
ENST00000511773,Patient8,0.3
ENST00000508848,Patient8,0.3
ENST00000513506,Patient8,0.3
ENST00000504677,Patient8,0.3
ENST00000506060,Patient8,0.3
ENST00000502415,Patient8,0.3
ENST00000507355,Patient8,0.3
ENST00000608621,Patient8,0.1
ENST00000511313,Patient8,0.1
ENST00000504157,Patient8,0.1
ENST00000613744,Patient8,0.1
ENST00000508910,Patient8,0.1
ENST00000621093,Patient8,0.1
ENST00000443430,Patient8,0.1
ENST00000513438,Patient8,0.1
ENST00000504101,Patient8,0.1
ENST00000427076,Patient8,0.1
ENST00000422304,Patient8,0.1
ENST00000326391,Patient8,3.0
ENST00000418424,Patient8,3.0
ENST00000469495,Patient8,3.0
ENST00000313961,Patient8,3.0
ENST00000367903,Patient8,3.0
ENST00000530507,Patient8,3.0
ENST00000527988,Patient8,3.0
ENST00000531954,Patient8,3.0
ENST00000525894,Patient8,3.0
ENST00000531476,Patient8,3.0
ENST00000530241,Patient8,3.0
ENST00000534288,Patient8,3.0
ENST00000428971,Patient8,3.0
ENST00000618415,Patient8,3.0
ENST00000451759,Patient8,0.5
ENST00000449680,Patient8,0.5
ENST00000427213,Patient8,0.5
ENST00000429865,Patient8,0.5
ENST00000528019,Patient8,0.5
ENST00000528689,Patient8,0.5
ENST00000439699,Patient8,0.5
ENST00000528818,Patient8,0.5
ENST00000526176,Patient8,0.5
ENST00000367771,Patient8,7.0
ENST00000367770,Patient8,7.0
ENST00000423670,Patient8,7.0
ENST00000470238,Patient8,7.0
ENST00000367772,Patient8,7.0
ENST00000534261,Patient8,7.0
ENST00000599649,Patient8,5.0
ENST00000429354,Patient8,5.0
ENST00000683636,Patient8,5.0
ENST00000337248,Patient8,1.0
ENST00000374409,Patient8,1.0
ENST00000003583,Patient8,1.0
ENST00000468303,Patient8,1.0
ENST00000497384,Patient8,1.0
ENST00000438866,Patient8,1.0
ENST00000435187,Patient8,1.0
ENST00000483261,Patient8,1.0
ENST00000498488,Patient8,1.0
ENST00000483528,Patient8,1.0
ENST00000475760,Patient8,1.0
ENST00000492753,Patient8,1.0
ENST00000651186,Patient8,2.0
ENST00000643125,Patient8,2.0
ENST00000642463,Patient8,2.0
ENST00000406207,Patient8,2.0
ENST00000645899,Patient8,2.0
ENST00000642926,Patient8,2.0
ENST00000647233,Patient8,2.0
ENST00000644578,Patient8,2.0
ENST00000647418,Patient8,2.0
ENST00000645372,Patient8,2.0
ENST00000647407,Patient8,2.0
ENST00000643994,Patient8,2.0
ENST00000645582,Patient8,2.0
ENST00000642610,Patient8,2.0
ENST00000646384,Patient8,2.0
ENST00000644625,Patient8,2.0
ENST00000647489,Patient8,2.0
ENST00000647332,Patient8,2.0
ENST00000646848,Patient8,2.0
ENST00000543662,Patient8,2.0
ENST00000643615,Patient8,2.0
ENST00000646186,Patient8,2.0
ENST00000646286,Patient8,2.0
ENST00000644838,Patient8,2.0
ENST00000643142,Patient8,2.0
ENST00000366601,Patient8,2.0
ENST00000643524,Patient8,2.0
ENST00000646536,Patient8,2.0
ENST00000644037,Patient8,2.0
ENST00000646463,Patient8,2.0
ENST00000645551,Patient8,2.0
ENST00000646821,Patient8,2.0
ENST00000472011,Patient8,2.0
ENST00000643238,Patient8,2.0
ENST00000646104,Patient8,2.0
ENST00000645662,Patient8,2.0
ENST00000643993,Patient8,2.0
ENST00000645964,Patient8,2.0
ENST00000642339,Patient8,2.0
ENST00000644217,Patient8,2.0
ENST00000642372,Patient8,2.0
ENST00000646929,Patient8,2.0
ENST00000644265,Patient8,2.0
ENST00000482230,Patient8,2.0
ENST00000644910,Patient8,2.0
ENST00000461651,Patient8,2.0
ENST00000647338,Patient8,2.0
ENST00000646842,Patient8,2.0
ENST00000647322,Patient8,2.0
ENST00000646495,Patient8,2.0
ENST00000644126,Patient8,2.0
ENST00000643487,Patient8,2.0
ENST00000642764,Patient8,2.0
ENST00000642981,Patient8,2.0
ENST00000465463,Patient8,2.0
ENST00000646661,Patient8,2.0
ENST00000647151,Patient8,2.0
ENST00000643418,Patient8,0.7
ENST00000647428,Patient8,0.7
ENST00000645655,Patient8,0.7
ENST00000644055,Patient8,0.7
ENST00000646528,Patient8,0.7
ENST00000647186,Patient8,0.7
ENST00000646624,Patient8,0.7
ENST00000643410,Patient8,0.7
ENST00000645205,Patient8,0.7
ENST00000645351,Patient8,0.7
ENST00000645836,Patient8,0.7
ENST00000646281,Patient8,0.7
ENST00000642503,Patient8,0.7
ENST00000645069,Patient8,0.7
ENST00000644680,Patient8,0.7
ENST00000643758,Patient8,0.7
ENST00000645578,Patient8,0.7
ENST00000642431,Patient8,0.7
ENST00000644604,Patient8,0.7
ENST00000373020,Patient8,5.0
ENST00000612152,Patient8,5.0
ENST00000614008,Patient8,5.0
ENST00000496771,Patient8,5.0
ENST00000494424,Patient8,5.0
ENST00000584747,Patient9,0.8
ENST00000441263,Patient9,0.8
ENST00000580790,Patient9,0.8
ENST00000498289,Patient9,10.0
ENST00000472795,Patient9,10.0
ENST00000496973,Patient9,10.0
ENST00000481744,Patient9,10.0
ENST00000359326,Patient9,10.0
ENST00000466580,Patient9,10.0
ENST00000459772,Patient9,10.0
ENST00000286031,Patient9,10.0
ENST00000413811,Patient9,10.0
ENST00000367429,Patient9,1.0
ENST00000630130,Patient9,1.0
ENST00000496761,Patient9,1.0
ENST00000359637,Patient9,1.0
ENST00000466229,Patient9,1.0
ENST00000470918,Patient9,1.0
ENST00000466152,Patient9,108.0
ENST00000371582,Patient9,108.0
ENST00000683048,Patient9,108.0
ENST00000371588,Patient9,108.0
ENST00000494752,Patient9,108.0
ENST00000682366,Patient9,108.0
ENST00000371584,Patient9,108.0
ENST00000684193,Patient9,108.0
ENST00000683466,Patient9,108.0
ENST00000682713,Patient9,108.0
ENST00000681979,Patient9,108.0
ENST00000684708,Patient9,108.0
ENST00000413082,Patient9,108.0
ENST00000682754,Patient9,108.0
ENST00000683010,Patient9,108.0
ENST00000684628,Patient9,108.0
ENST00000374005,Patient9,32.0
ENST00000399173,Patient9,32.0
ENST00000374004,Patient9,32.0
ENST00000374003,Patient9,32.0
ENST00000457296,Patient9,32.0
ENST00000475472,Patient9,32.0
ENST00000468038,Patient9,32.0
ENST00000002165,Patient9,170.0
ENST00000451668,Patient9,170.0
ENST00000367585,Patient9,170.0
ENST00000509541,Patient9,58.0
ENST00000650454,Patient9,58.0
ENST00000616923,Patient9,58.0
ENST00000515580,Patient9,58.0
ENST00000643939,Patient9,58.0
ENST00000513939,Patient9,58.0
ENST00000510837,Patient9,58.0
ENST00000504353,Patient9,58.0
ENST00000514373,Patient9,58.0
ENST00000504525,Patient9,58.0
ENST00000514004,Patient9,58.0
ENST00000505294,Patient9,58.0
ENST00000514933,Patient9,58.0
ENST00000505197,Patient9,58.0
ENST00000522718,Patient9,3.0
ENST00000520422,Patient9,3.0
ENST00000519738,Patient9,3.0
ENST00000517363,Patient9,3.0
ENST00000521989,Patient9,25.0
ENST00000665151,Patient9,25.0
ENST00000668286,Patient9,25.0
ENST00000341376,Patient9,47.0
ENST00000353205,Patient9,47.0
ENST00000464525,Patient9,1.0
ENST00000489144,Patient9,1.0
ENST00000379340,Patient9,1.0
ENST00000486319,Patient9,1.0
ENST00000503564,Patient9,1.0
ENST00000511773,Patient9,1.0
ENST00000508848,Patient9,1.0
ENST00000513506,Patient9,1.0
ENST00000504677,Patient9,1.0
ENST00000506060,Patient9,1.0
ENST00000502415,Patient9,1.0
ENST00000507355,Patient9,1.0
ENST00000608621,Patient9,0.5
ENST00000511313,Patient9,0.5
ENST00000504157,Patient9,0.5
ENST00000613744,Patient9,0.5
ENST00000508910,Patient9,0.5
ENST00000621093,Patient9,0.5
ENST00000443430,Patient9,0.5
ENST00000513438,Patient9,0.5
ENST00000504101,Patient9,0.5
ENST00000427076,Patient9,0.2
ENST00000422304,Patient9,0.2
ENST00000326391,Patient9,4.0
ENST00000418424,Patient9,4.0
ENST00000469495,Patient9,4.0
ENST00000313961,Patient9,4.0
ENST00000367903,Patient9,4.0
ENST00000530507,Patient9,4.0
ENST00000527988,Patient9,4.0
ENST00000531954,Patient9,4.0
ENST00000525894,Patient9,4.0
ENST00000531476,Patient9,4.0
ENST00000530241,Patient9,4.0
ENST00000534288,Patient9,4.0
ENST00000428971,Patient9,4.0
ENST00000618415,Patient9,4.0
ENST00000451759,Patient9,0.6
ENST00000449680,Patient9,0.6
ENST00000427213,Patient9,0.6
ENST00000429865,Patient9,0.6
ENST00000528019,Patient9,0.6
ENST00000528689,Patient9,0.6
ENST00000439699,Patient9,0.6
ENST00000528818,Patient9,0.6
ENST00000526176,Patient9,0.6
ENST00000367771,Patient9,6.0
ENST00000367770,Patient9,6.0
ENST00000423670,Patient9,6.0
ENST00000470238,Patient9,6.0
ENST00000367772,Patient9,6.0
ENST00000534261,Patient9,12.0
ENST00000599649,Patient9,2.0
ENST00000429354,Patient9,2.0
ENST00000683636,Patient9,2.0
ENST00000337248,Patient9,2.0
ENST00000374409,Patient9,2.0
ENST00000003583,Patient9,2.0
ENST00000468303,Patient9,2.0
ENST00000497384,Patient9,2.0
ENST00000438866,Patient9,2.0
ENST00000435187,Patient9,2.0
ENST00000483261,Patient9,2.0
ENST00000498488,Patient9,2.0
ENST00000483528,Patient9,2.0
ENST00000475760,Patient9,2.0
ENST00000492753,Patient9,2.0
ENST00000651186,Patient9,2.0
ENST00000643125,Patient9,2.0
ENST00000642463,Patient9,2.0
ENST00000406207,Patient9,2.0
ENST00000645899,Patient9,2.0
ENST00000642926,Patient9,2.0
ENST00000647233,Patient9,2.0
ENST00000644578,Patient9,2.0
ENST00000647418,Patient9,2.0
ENST00000645372,Patient9,2.0
ENST00000647407,Patient9,2.0
ENST00000643994,Patient9,2.0
ENST00000645582,Patient9,2.0
ENST00000642610,Patient9,2.0
ENST00000646384,Patient9,2.0
ENST00000644625,Patient9,2.0
ENST00000647489,Patient9,2.0
ENST00000647332,Patient9,2.0
ENST00000646848,Patient9,2.0
ENST00000543662,Patient9,2.0
ENST00000643615,Patient9,2.0
ENST00000646186,Patient9,2.0
ENST00000646286,Patient9,2.0
ENST00000644838,Patient9,2.0
ENST00000643142,Patient9,2.0
ENST00000366601,Patient9,2.0
ENST00000643524,Patient9,2.0
ENST00000646536,Patient9,2.0
ENST00000644037,Patient9,2.0
ENST00000646463,Patient9,2.0
ENST00000645551,Patient9,2.0
ENST00000646821,Patient9,2.0
ENST00000472011,Patient9,2.0
ENST00000643238,Patient9,2.0
ENST00000646104,Patient9,2.0
ENST00000645662,Patient9,2.0
ENST00000643993,Patient9,2.0
ENST00000645964,Patient9,2.0
ENST00000642339,Patient9,2.0
ENST00000644217,Patient9,2.0
ENST00000642372,Patient9,2.0
ENST00000646929,Patient9,2.0
ENST00000644265,Patient9,2.0
ENST00000482230,Patient9,2.0
ENST00000644910,Patient9,2.0
ENST00000461651,Patient9,2.0
ENST00000647338,Patient9,2.0
ENST00000646842,Patient9,2.0
ENST00000647322,Patient9,2.0
ENST00000646495,Patient9,2.0
ENST00000644126,Patient9,2.0
ENST00000643487,Patient9,2.0
ENST00000642764,Patient9,2.0
ENST00000642981,Patient9,2.0
ENST00000465463,Patient9,2.0
ENST00000646661,Patient9,2.0
ENST00000647151,Patient9,2.0
ENST00000643418,Patient9,1.0
ENST00000647428,Patient9,1.0
ENST00000645655,Patient9,1.0
ENST00000644055,Patient9,1.0
ENST00000646528,Patient9,1.0
ENST00000647186,Patient9,1.0
ENST00000646624,Patient9,1.0
ENST00000643410,Patient9,1.0
ENST00000645205,Patient9,1.0
ENST00000645351,Patient9,1.0
ENST00000645836,Patient9,1.0
ENST00000646281,Patient9,1.0
ENST00000642503,Patient9,1.0
ENST00000645069,Patient9,1.0
ENST00000644680,Patient9,1.0
ENST00000643758,Patient9,1.0
ENST00000645578,Patient9,1.0
ENST00000642431,Patient9,1.0
ENST00000644604,Patient9,1.0
ENST00000373020,Patient9,4.0
ENST00000612152,Patient9,4.0
ENST00000614008,Patient9,4.0
ENST00000496771,Patient9,4.0
ENST00000494424,Patient9,4.0
ENST00000584747,Patient10,2.0
ENST00000441263,Patient10,2.0
ENST00000580790,Patient10,0.4
ENST00000498289,Patient10,7.0
ENST00000472795,Patient10,7.0
ENST00000496973,Patient10,7.0
ENST00000481744,Patient10,7.0
ENST00000359326,Patient10,7.0
ENST00000466580,Patient10,7.0
ENST00000459772,Patient10,7.0
ENST00000286031,Patient10,7.0
ENST00000413811,Patient10,7.0
ENST00000367429,Patient10,2.0
ENST00000630130,Patient10,2.0
ENST00000496761,Patient10,2.0
ENST00000359637,Patient10,2.0
ENST00000466229,Patient10,2.0
ENST00000470918,Patient10,2.0
ENST00000466152,Patient10,117.0
ENST00000371582,Patient10,117.0
ENST00000683048,Patient10,117.0
ENST00000371588,Patient10,117.0
ENST00000494752,Patient10,117.0
ENST00000682366,Patient10,117.0
ENST00000371584,Patient10,117.0
ENST00000684193,Patient10,117.0
ENST00000683466,Patient10,117.0
ENST00000682713,Patient10,117.0
ENST00000681979,Patient10,117.0
ENST00000684708,Patient10,117.0
ENST00000413082,Patient10,117.0
ENST00000682754,Patient10,117.0
ENST00000683010,Patient10,117.0
ENST00000684628,Patient10,117.0
ENST00000374005,Patient10,26.0
ENST00000399173,Patient10,26.0
ENST00000374004,Patient10,26.0
ENST00000374003,Patient10,26.0
ENST00000457296,Patient10,26.0
ENST00000475472,Patient10,26.0
ENST00000468038,Patient10,26.0
ENST00000002165,Patient10,178.0
ENST00000451668,Patient10,178.0
ENST00000367585,Patient10,178.0
ENST00000509541,Patient10,76.0
ENST00000650454,Patient10,76.0
ENST00000616923,Patient10,76.0
ENST00000515580,Patient10,76.0
ENST00000643939,Patient10,76.0
ENST00000513939,Patient10,76.0
ENST00000510837,Patient10,76.0
ENST00000504353,Patient10,76.0
ENST00000514373,Patient10,76.0
ENST00000504525,Patient10,76.0
ENST00000514004,Patient10,76.0
ENST00000505294,Patient10,76.0
ENST00000514933,Patient10,76.0
ENST00000505197,Patient10,76.0
ENST00000522718,Patient10,4.0
ENST00000520422,Patient10,4.0
ENST00000519738,Patient10,4.0
ENST00000517363,Patient10,4.0
ENST00000521989,Patient10,19.0
ENST00000665151,Patient10,19.0
ENST00000668286,Patient10,19.0
ENST00000341376,Patient10,47.0
ENST00000353205,Patient10,47.0
ENST00000464525,Patient10,0.3
ENST00000489144,Patient10,0.3
ENST00000379340,Patient10,0.3
ENST00000486319,Patient10,0.3
ENST00000503564,Patient10,0.3
ENST00000511773,Patient10,0.3
ENST00000508848,Patient10,0.3
ENST00000513506,Patient10,0.3
ENST00000504677,Patient10,0.3
ENST00000506060,Patient10,0.3
ENST00000502415,Patient10,0.3
ENST00000507355,Patient10,0.3
ENST00000608621,Patient10,0.2
ENST00000511313,Patient10,0.2
ENST00000504157,Patient10,0.2
ENST00000613744,Patient10,0.2
ENST00000508910,Patient10,0.2
ENST00000621093,Patient10,0.2
ENST00000443430,Patient10,0.2
ENST00000513438,Patient10,0.2
ENST00000504101,Patient10,0.2
ENST00000427076,Patient10,0.4
ENST00000422304,Patient10,0.4
ENST00000326391,Patient10,4.0
ENST00000418424,Patient10,4.0
ENST00000469495,Patient10,9.0
ENST00000313961,Patient10,9.0
ENST00000367903,Patient10,9.0
ENST00000530507,Patient10,9.0
ENST00000527988,Patient10,9.0
ENST00000531954,Patient10,9.0
ENST00000525894,Patient10,9.0
ENST00000531476,Patient10,9.0
ENST00000530241,Patient10,9.0
ENST00000534288,Patient10,9.0
ENST00000428971,Patient10,9.0
ENST00000618415,Patient10,9.0
ENST00000451759,Patient10,0.7
ENST00000449680,Patient10,0.7
ENST00000427213,Patient10,0.7
ENST00000429865,Patient10,0.7
ENST00000528019,Patient10,0.7
ENST00000528689,Patient10,0.7
ENST00000439699,Patient10,0.7
ENST00000528818,Patient10,0.7
ENST00000526176,Patient10,0.7
ENST00000367771,Patient10,7.0
ENST00000367770,Patient10,7.0
ENST00000423670,Patient10,7.0
ENST00000470238,Patient10,7.0
ENST00000367772,Patient10,7.0
ENST00000534261,Patient10,5.0
ENST00000599649,Patient10,3.0
ENST00000429354,Patient10,3.0
ENST00000683636,Patient10,3.0
ENST00000337248,Patient10,2.0
ENST00000374409,Patient10,2.0
ENST00000003583,Patient10,2.0
ENST00000468303,Patient10,2.0
ENST00000497384,Patient10,2.0
ENST00000438866,Patient10,2.0
ENST00000435187,Patient10,2.0
ENST00000483261,Patient10,2.0
ENST00000498488,Patient10,2.0
ENST00000483528,Patient10,2.0
ENST00000475760,Patient10,2.0
ENST00000492753,Patient10,2.0
ENST00000651186,Patient10,4.0
ENST00000643125,Patient10,4.0
ENST00000642463,Patient10,4.0
ENST00000406207,Patient10,4.0
ENST00000645899,Patient10,4.0
ENST00000642926,Patient10,4.0
ENST00000647233,Patient10,4.0
ENST00000644578,Patient10,4.0
ENST00000647418,Patient10,4.0
ENST00000645372,Patient10,4.0
ENST00000647407,Patient10,4.0
ENST00000643994,Patient10,4.0
ENST00000645582,Patient10,4.0
ENST00000642610,Patient10,4.0
ENST00000646384,Patient10,4.0
ENST00000644625,Patient10,4.0
ENST00000647489,Patient10,4.0
ENST00000647332,Patient10,4.0
ENST00000646848,Patient10,4.0
ENST00000543662,Patient10,4.0
ENST00000643615,Patient10,4.0
ENST00000646186,Patient10,4.0
ENST00000646286,Patient10,4.0
ENST00000644838,Patient10,4.0
ENST00000643142,Patient10,4.0
ENST00000366601,Patient10,4.0
ENST00000643524,Patient10,4.0
ENST00000646536,Patient10,4.0
ENST00000644037,Patient10,4.0
ENST00000646463,Patient10,4.0
ENST00000645551,Patient10,4.0
ENST00000646821,Patient10,4.0
ENST00000472011,Patient10,4.0
ENST00000643238,Patient10,4.0
ENST00000646104,Patient10,4.0
ENST00000645662,Patient10,4.0
ENST00000643993,Patient10,4.0
ENST00000645964,Patient10,4.0
ENST00000642339,Patient10,4.0
ENST00000644217,Patient10,4.0
ENST00000642372,Patient10,4.0
ENST00000646929,Patient10,4.0
ENST00000644265,Patient10,4.0
ENST00000482230,Patient10,4.0
ENST00000644910,Patient10,4.0
ENST00000461651,Patient10,4.0
ENST00000647338,Patient10,4.0
ENST00000646842,Patient10,4.0
ENST00000647322,Patient10,4.0
ENST00000646495,Patient10,4.0
ENST00000644126,Patient10,4.0
ENST00000643487,Patient10,4.0
ENST00000642764,Patient10,4.0
ENST00000642981,Patient10,4.0
ENST00000465463,Patient10,4.0
ENST00000646661,Patient10,4.0
ENST00000647151,Patient10,4.0
ENST00000643418,Patient10,1.0
ENST00000647428,Patient10,1.0
ENST00000645655,Patient10,1.0
ENST00000644055,Patient10,1.0
ENST00000646528,Patient10,1.0
ENST00000647186,Patient10,1.0
ENST00000646624,Patient10,1.0
ENST00000643410,Patient10,1.0
ENST00000645205,Patient10,1.0
ENST00000645351,Patient10,1.0
ENST00000645836,Patient10,1.0
ENST00000646281,Patient10,1.0
ENST00000642503,Patient10,1.0
ENST00000645069,Patient10,1.0
ENST00000644680,Patient10,1.0
ENST00000643758,Patient10,1.0
ENST00000645578,Patient10,1.0
ENST00000642431,Patient10,1.0
ENST00000644604,Patient10,1.0
ENST00000373020,Patient10,11.0
ENST00000612152,Patient10,11.0
ENST00000614008,Patient10,11.0
ENST00000496771,Patient10,11.0
ENST00000494424,Patient10,11.0
